code,population
S12000011,142933.158009
S12000018,73556.2357584
S12000029,390498.109065
S12000038,235890.895299
S12000039,110261.581782
S12000045,156310.859375
S12000049,824671.240629
S12000050,388010.751644
